<?xml version="1.0" encoding="utf-8"?>
<layer-list xmlns:android="http://schemas.android.com/apk/res/android" >

    <item android:id= "@android:id/background">
        <shape>
            <solid android:color="#fff"/>
            <corners android:radius="5dip"/>
        </shape>
    </item>

    <item android:id="@android:id/progress">
        <clip>
            <shape>
                <corners android:radius="5dip" />
                <solid android:color="#fff" />
                <!---#ef2e2f!-->
            </shape>
        </clip>

        <color android:color="#ef2e2f" />
    </item>

    <item android:id="@android:id/secondaryProgress">
        <clip>
            <shape>
                <corners android:radius="5dip" />

                <solid android:color="#fff" />
            </shape>
        </clip>
        <color android:color="#fff" />
    </item>

</layer-list>
